"","term","estimate","std.error","statistic","p.value"
"1","(Intercept)",2.3306112918588,0.0148728146178332,156.702772928017,0
"2","CONTRAFLOW",-0.24336564343555,0.102876618527804,-2.36560694663362,0.0181272020104641
"3","SHARED BUS BIKE",0.0323933431360777,0.0606245271295066,0.534327353463374,0.593194305525419
"4","SHARROW",-0.0741861652766596,0.0212946298405416,-3.48379689302797,0.000508579518353929
"5","SIDEPATH",0.451217494555897,0.150575771631047,2.99661419409165,0.00277481280467451
"6","SIGNED ROUTE",-0.066865559447937,0.0272642063748874,-2.45250342256526,0.0142999055091508
